{
  "Delete User" : {
    "transaction" : "Delete User",
    "sampleCount" : 30,
    "errorCount" : 0,
    "errorPct" : 0.0,
    "meanResTime" : 628.5999999999999,
    "medianResTime" : 381.0,
    "minResTime" : 321.0,
    "maxResTime" : 2295.0,
    "pct1ResTime" : 1354.2000000000005,
    "pct2ResTime" : 1817.0499999999993,
    "pct3ResTime" : 2295.0,
    "throughput" : 0.4923763724991383,
    "receivedKBytesPerSec" : 0.14934775517405505,
    "sentKBytesPerSec" : 0.07222161245055721
  },
  "Total" : {
    "transaction" : "Total",
    "sampleCount" : 90,
    "errorCount" : 0,
    "errorPct" : 0.0,
    "meanResTime" : 1387.3555555555556,
    "medianResTime" : 716.0,
    "minResTime" : 307.0,
    "maxResTime" : 12585.0,
    "pct1ResTime" : 3189.7000000000007,
    "pct2ResTime" : 3667.2500000000014,
    "pct3ResTime" : 12585.0,
    "throughput" : 1.3911215531099295,
    "receivedKBytesPerSec" : 0.6363294291764561,
    "sentKBytesPerSec" : 0.20305302878075926
  },
  "Get User by ID" : {
    "transaction" : "Get User by ID",
    "sampleCount" : 30,
    "errorCount" : 0,
    "errorPct" : 0.0,
    "meanResTime" : 611.9000000000001,
    "medianResTime" : 413.0,
    "minResTime" : 307.0,
    "maxResTime" : 2098.0,
    "pct1ResTime" : 968.0000000000001,
    "pct2ResTime" : 1915.3999999999996,
    "pct3ResTime" : 2098.0,
    "throughput" : 0.49516389925065196,
    "receivedKBytesPerSec" : 0.15019326865942628,
    "sentKBytesPerSec" : 0.07263048600336712
  },
  "Get Users" : {
    "transaction" : "Get Users",
    "sampleCount" : 30,
    "errorCount" : 0,
    "errorPct" : 0.0,
    "meanResTime" : 2921.5666666666666,
    "medianResTime" : 2598.5,
    "minResTime" : 1219.0,
    "maxResTime" : 12585.0,
    "pct1ResTime" : 3968.8,
    "pct2ResTime" : 8952.799999999996,
    "pct3ResTime" : 12585.0,
    "throughput" : 0.46884523418819446,
    "receivedKBytesPerSec" : 0.3589596324253364,
    "sentKBytesPerSec" : 0.06776278775376249
  }
}