{
  "Delete User" : {
    "transaction" : "Delete User",
    "sampleCount" : 30,
    "errorCount" : 0,
    "errorPct" : 0.0,
    "meanResTime" : 103.96666666666665,
    "medianResTime" : 102.0,
    "minResTime" : 99.0,
    "maxResTime" : 116.0,
    "pct1ResTime" : 110.0,
    "pct2ResTime" : 114.35,
    "pct3ResTime" : 116.0,
    "throughput" : 0.5140242962150677,
    "receivedKBytesPerSec" : 0.15591401016054693,
    "sentKBytesPerSec" : 0.07439296943268851
  },
  "Total" : {
    "transaction" : "Total",
    "sampleCount" : 90,
    "errorCount" : 0,
    "errorPct" : 0.0,
    "meanResTime" : 225.4111111111111,
    "medianResTime" : 107.0,
    "minResTime" : 99.0,
    "maxResTime" : 741.0,
    "pct1ResTime" : 486.00000000000006,
    "pct2ResTime" : 506.8,
    "pct3ResTime" : 741.0,
    "throughput" : 1.5265103972319276,
    "receivedKBytesPerSec" : 0.6982592481088232,
    "sentKBytesPerSec" : 0.21983339835136878
  },
  "Get User by ID" : {
    "transaction" : "Get User by ID",
    "sampleCount" : 30,
    "errorCount" : 0,
    "errorPct" : 0.0,
    "meanResTime" : 105.80000000000001,
    "medianResTime" : 103.0,
    "minResTime" : 99.0,
    "maxResTime" : 133.0,
    "pct1ResTime" : 121.80000000000001,
    "pct2ResTime" : 128.04999999999998,
    "pct3ResTime" : 133.0,
    "throughput" : 0.5140331037318803,
    "receivedKBytesPerSec" : 0.15591668165929887,
    "sentKBytesPerSec" : 0.07439424411432095
  },
  "Get Users" : {
    "transaction" : "Get Users",
    "sampleCount" : 30,
    "errorCount" : 0,
    "errorPct" : 0.0,
    "meanResTime" : 466.46666666666675,
    "medianResTime" : 450.5,
    "minResTime" : 400.0,
    "maxResTime" : 741.0,
    "pct1ResTime" : 509.9,
    "pct2ResTime" : 627.1499999999999,
    "pct3ResTime" : 741.0,
    "throughput" : 0.5106209150326798,
    "receivedKBytesPerSec" : 0.39094413807189543,
    "sentKBytesPerSec" : 0.07280337265114378
  }
}