{
  "Delete Users" : {
    "transaction" : "Delete Users",
    "sampleCount" : 30,
    "errorCount" : 0,
    "errorPct" : 0.0,
    "meanResTime" : 104.7,
    "medianResTime" : 102.5,
    "minResTime" : 99.0,
    "maxResTime" : 128.0,
    "pct1ResTime" : 113.60000000000001,
    "pct2ResTime" : 126.35,
    "pct3ResTime" : 128.0,
    "throughput" : 0.5161379120500997,
    "receivedKBytesPerSec" : 0.15655511277613376,
    "sentKBytesPerSec" : 0.07469886578693827
  },
  "Total" : {
    "transaction" : "Total",
    "sampleCount" : 90,
    "errorCount" : 0,
    "errorPct" : 0.0,
    "meanResTime" : 218.96666666666667,
    "medianResTime" : 106.0,
    "minResTime" : 99.0,
    "maxResTime" : 492.0,
    "pct1ResTime" : 455.9,
    "pct2ResTime" : 463.8,
    "pct3ResTime" : 492.0,
    "throughput" : 1.533873029399233,
    "receivedKBytesPerSec" : 0.7016270771197274,
    "sentKBytesPerSec" : 0.2208936940775458
  },
  "Get User by ID" : {
    "transaction" : "Get User by ID",
    "sampleCount" : 30,
    "errorCount" : 0,
    "errorPct" : 0.0,
    "meanResTime" : 106.46666666666668,
    "medianResTime" : 103.5,
    "minResTime" : 99.0,
    "maxResTime" : 141.0,
    "pct1ResTime" : 118.60000000000001,
    "pct2ResTime" : 134.95,
    "pct3ResTime" : 141.0,
    "throughput" : 0.5160846378806124,
    "receivedKBytesPerSec" : 0.15653895363839668,
    "sentKBytesPerSec" : 0.07469115559951832
  },
  "Get Users" : {
    "transaction" : "Get Users",
    "sampleCount" : 30,
    "errorCount" : 0,
    "errorPct" : 0.0,
    "meanResTime" : 445.7333333333333,
    "medianResTime" : 442.5,
    "minResTime" : 419.0,
    "maxResTime" : 492.0,
    "pct1ResTime" : 467.8,
    "pct2ResTime" : 486.5,
    "pct3ResTime" : 492.0,
    "throughput" : 0.5131187356754353,
    "receivedKBytesPerSec" : 0.39285653200150517,
    "sentKBytesPerSec" : 0.07315950723497418
  }
}