{
  "Delete Users" : {
    "transaction" : "Delete Users",
    "sampleCount" : 30,
    "errorCount" : 0,
    "errorPct" : 0.0,
    "meanResTime" : 675.0333333333335,
    "medianResTime" : 467.0,
    "minResTime" : 305.0,
    "maxResTime" : 3087.0,
    "pct1ResTime" : 1464.100000000001,
    "pct2ResTime" : 2444.5999999999995,
    "pct3ResTime" : 3087.0,
    "throughput" : 0.5621030147458357,
    "receivedKBytesPerSec" : 0.17049726208989902,
    "sentKBytesPerSec" : 0.08244909454572708
  },
  "Total" : {
    "transaction" : "Total",
    "sampleCount" : 90,
    "errorCount" : 0,
    "errorPct" : 0.0,
    "meanResTime" : 1441.333333333334,
    "medianResTime" : 695.5,
    "minResTime" : 292.0,
    "maxResTime" : 6982.0,
    "pct1ResTime" : 3649.8,
    "pct2ResTime" : 4571.05,
    "pct3ResTime" : 6982.0,
    "throughput" : 1.4966325767024196,
    "receivedKBytesPerSec" : 0.6845924794213021,
    "sentKBytesPerSec" : 0.21845379146919433
  },
  "Get User by ID" : {
    "transaction" : "Get User by ID",
    "sampleCount" : 30,
    "errorCount" : 0,
    "errorPct" : 0.0,
    "meanResTime" : 607.4000000000001,
    "medianResTime" : 464.0,
    "minResTime" : 292.0,
    "maxResTime" : 1717.0,
    "pct1ResTime" : 1307.6000000000004,
    "pct2ResTime" : 1604.8,
    "pct3ResTime" : 1717.0,
    "throughput" : 0.5639839828548869,
    "receivedKBytesPerSec" : 0.17106779792453894,
    "sentKBytesPerSec" : 0.08272499436016018
  },
  "Get Users" : {
    "transaction" : "Get Users",
    "sampleCount" : 30,
    "errorCount" : 0,
    "errorPct" : 0.0,
    "meanResTime" : 3041.566666666666,
    "medianResTime" : 2592.0,
    "minResTime" : 1154.0,
    "maxResTime" : 6982.0,
    "pct1ResTime" : 6074.7000000000035,
    "pct2ResTime" : 6856.05,
    "pct3ResTime" : 6982.0,
    "throughput" : 0.504150841931906,
    "receivedKBytesPerSec" : 0.38599048835411554,
    "sentKBytesPerSec" : 0.0728655513729708
  }
}